<?xml version="1.0" encoding="UTF-8"?>
<beans xmlns="http://www.springframework.org/schema/beans"
       xmlns:mvc="http://www.springframework.org/schema/mvc"
       xmlns:context="http://www.springframework.org/schema/context"
       xmlns:xsi="http://www.w3.org/2001/XMLSchema-instance"
       xmlns:tx="http://www.springframework.org/schema/tx"
       xsi:schemaLocation="http://www.springframework.org/schema/mvc
					http://www.springframework.org/schema/mvc/spring-mvc-4.0.xsd
                    http://www.springframework.org/schema/beans
                    http://www.springframework.org/schema/beans/spring-beans-4.0.xsd
                    http://www.springframework.org/schema/context
                    http://www.springframework.org/schema/context/spring-context-4.0.xsd
                    http://www.springframework.org/schema/tx
                    http://www.springframework.org/schema/tx/spring-tx.xsd">

    <mvc:annotation-driven/>
    <context:component-scan
            base-package="br.com.mega.ctism.preEstagio.ProjetoDeAdmissao"/>
    <mvc:default-servlet-handler/>

    <bean id="viewResolver"
          class="org.springframework.web.servlet.view.tiles3.TilesViewResolver">
    </bean>

    <bean id="tilesConfigurer" class="org.springframework.web.servlet.view.tiles3.TilesConfigurer">
        <property name="definitions">
            <list>
                <value>/WEB-INF/tiles.xml</value>
            </list>
        </property>
    </bean>

    <!--entity manager factory-->
    <bean id="entityManagerFactory" name="entityManagerFactory"
          class="org.springframework.orm.jpa.LocalContainerEntityManagerFactoryBean">
        <property name="persistenceUnitName" value="map"/>
    </bean>

    <!-- Transactions -->
    <bean id="transactionManager" class="org.springframework.orm.jpa.JpaTransactionManager">
        <property name="entityManagerFactory" ref="entityManagerFactory"/>
    </bean>

    <!-- enable the configuration of transactional behavior based on annotations -->
    <tx:annotation-driven/>

</beans>