<?xml version="1.0" encoding="UTF-8"?>
<!DOCTYPE tiles-definitions PUBLIC
        "-//Apache Software Foundation//DTD Tiles Configuration 3.0//EN"
        "http://tiles.apache.org/dtds/tiles-config_3_0.dtd">
<tiles-definitions>
    <definition name="base" template="/WEB-INF/views/tiles/mapsDefault.jsp">
        <put-attribute name="title" value=""/>
        <put-attribute name="map" value="/WEB-INF/views/tiles/map.jsp"/>
        <put-attribute name="form" value="/WEB-INF/views/tiles/formDefault.jsp"/>
        <put-attribute name="footer" value="/WEB-INF/views/tiles/footer.jsp"/>
        <put-attribute name="header"/>
        <put-attribute name="script"/>
    </definition>
    <definition name="edit" extends="base">
        <put-attribute name="title" value="Seja bem-vindo"/>
        <put-attribute name="header" value="/WEB-INF/views/tiles/editHeader.jsp"/>
        <put-attribute name="script" value="javascript/editMap.js"/>
    </definition>
    <definition name="register" extends="base">
        <put-attribute name="title" value="Registrar-se"/>
        <put-attribute name="header" value="/WEB-INF/views/tiles/registerHeader.jsp"/>
        <put-attribute name="script" value="javascript/registerMap.js"/>
    </definition>
</tiles-definitions>